C:LEU:385	1
A:MET:458	18
C:LEU:472	1
A:LEU:451	7
C:MET:387	1
B:LEU:449	1
B:LEU:451	1
G:GLY:576	2
A:ASN:441	9
A:VAL:328	6
B:THR:446	2
A:GLY:438	3
G:LEU:558	1
C:LYS:388	2
A:LEU:405	10
A:LYS:461	21
E:LYS:580	7
A:ASP:399	12
A:SER:395	20
E:SER:582	14
G:ASN:565	5
A:PHE:324	10
A:TYR:455	17
E:LYS:583	11
A:PHE:397	12
B:THR:452	2
E:ILE:585	13
A:CYS:390	8
A:PHE:386	8
A:LEU:385	11
A:ASP:384	14
G:LYS:580	1
A:MET:440	8
A:GLN:460	17
G:GLN:577	4
A:THR:446	11
A:ILE:462	10
G:ALA:569	1
A:GLY:453	9
A:PHE:402	13
A:PHE:464	12
E:GLN:577	7
A:TYR:444	15
G:VAL:575	2
C:LEU:476	2
A:GLY:400	14
E:SER:579	11
A:ILE:398	16
A:GLY:448	8
G:GLU:573	3
E:TRP:586	15
A:ILE:457	19
A:SER:401	13
A:ILE:459	13
A:PRO:391	11
A:ASN:381	8
A:ALA:442	7
A:VAL:393	18
A:GLY:392	12
G:GLY:572	3
A:THR:454	13
A:LYS:465	10
A:PHE:445	14
A:LEU:396	11
G:LEU:562	2
G:ILE:568	6
A:ILE:382	6
C:ARG:469	4
A:LEU:463	10
A:LYS:389	8
A:LYS:450	13
A:MET:387	8
A:ASN:394	15
A:LYS:383	9
C:VAL:473	3
C:ASP:466	1
A:GLN:403	16
A:TYR:325	5
A:SER:456	13
E:GLU:581	10
A:LEU:443	12
E:VAL:578	10
A:ASN:327	8
F:LYS:583	1
C:PHE:386	3
A:PHE:468	7
A:LYS:388	14
A:LEU:404	11
A:THR:452	8
A:ARG:447	22
E:GLN:589	12
A:LEU:449	8
